1;Basics;Hello.;你好.;Néih hóu.;file:///android_asset/basics.png
2;Basics;Hello.;喂;Wái;file:///android_asset/basics.png
3;Basics;How are you?;你好嗎?;Néih hóu ma?;file:///android_asset/basics.png
4;Basics;How are you recently? (''more popular in daily usage'');近排點呀?;Gahn pàaih dím a? (''informal'');file:///android_asset/basics.png
5;Basics;Fine.;好.;Hóu.;file:///android_asset/basics.png
6;Basics;What is your name?;你叫乜嘢名呀?;Néih giu māt' yéh mèhng a?;file:///android_asset/basics.png
7;Basics;"What is your name (''formal, literally means ""How do I address you""'')?";請問點稱呼?;Chíng mahn dím chīng fū?;file:///android_asset/basics.png
8;Basics;My name is ______ .;我個名叫______.;Ngóh go méng giu ______ .;file:///android_asset/basics.png
9;Basics;Nice to meet you.;好高興認識你;hóu gòu hing yihng sīk néih;file:///android_asset/basics.png
10;Basics;Where are you from?;你係邊度嚟?;Neih hai bin dou lai?;file:///android_asset/basics.png
11;Basics;Where do you live?;你住喺邊度?;Neih zyu hai bin dou?;file:///android_asset/basics.png
12;Basics;Did you like it here?;呢度鍾意唔鍾意?;Ni dou zung ji mh zung ji?;file:///android_asset/basics.png
13;Basics;What do you do for a living?;你做乜嘢職業?;Nei mat je zou zik jip?;file:///android_asset/basics.png
14;Basics;Please.;請.;Chíng.;file:///android_asset/basics.png
15;Basics;Thank you. (''when someone helps you'');唔該.;M̀h' gōi.;file:///android_asset/basics.png
16;Basics;Thank you. (''when someone gives you a gift'');多謝;Dō jeh.;file:///android_asset/basics.png
17;Basics;You're welcome.;唔使客氣.;M̀h' sái haak hei.;file:///android_asset/basics.png
18;Basics;Excuse me. (''getting attention'');唔好意思.;M̀h' hóu yisi;file:///android_asset/basics.png
19;Basics;Excuse me. (''to get past'');唔該.;M̀h' gōi;file:///android_asset/basics.png
20;Basics;Sorry.;對唔住.;Deui m̀h-jyuh.;file:///android_asset/basics.png
21;Basics;Goodbye (''formal'');再見;Joi gin.;file:///android_asset/basics.png
22;Basics;Goodbye (''informal'');拜拜;Bāai baai.;file:///android_asset/basics.png
23;Basics;I can't speak Cantonese.;我唔識講廣東話.;Ngóh m̀h'sīk góng Gwóng dōng wá.;file:///android_asset/basics.png
24;Basics;Do you speak English?;你識唔識講英文呀?;Néih sīk-m̀h-sīk góng Yīng mán a?;file:///android_asset/basics.png
25;Basics;Is there someone here who speaks English?;呢度有冇人識講英文呀?;nī douh yáuh móuh yàhn sīk góng Yīng mán a?;file:///android_asset/basics.png
26;Basics;How do you say ... in Cantonese?;____ 廣東話點講呀？;___ gwóng dùng wá dím góng a;file:///android_asset/basics.png
27;Basics;Help!;救命呀!;Gau mehng ā!;file:///android_asset/basics.png
28;Basics;Look out!;小心!;Síu sām!;file:///android_asset/basics.png
29;Basics;Good morning.;早晨.;Jóu sàhn.;file:///android_asset/basics.png
30;Basics;Good Afternoon;午安;ńgh ōn;file:///android_asset/basics.png
31;Basics;Good Evening;晚安;Máahn ōn;file:///android_asset/basics.png
32;Basics;I understand;我明白嘞;ngóh mìhng baahk la;file:///android_asset/basics.png
33;Basics;I don't understand.;我唔明.;Ngóh m̀h'mìhng.;file:///android_asset/basics.png
34;Basics;I don't know;我唔知道;ngóh m̀ jìdou;file:///android_asset/basics.png
35;Basics;Please speak more slowly;你可唔可以講慢小小呀?;néih hó m̀h hó yíh góng maahn síu síu a;file:///android_asset/basics.png
36;Basics;Where is the toilet?;廁所喺邊度呀?;Chi só hái bīn douh a?;file:///android_asset/basics.png
37;Basics;Bon voyage / Have a good journey;一路平安;yāt louh pìhng ngòn;file:///android_asset/basics.png
38;Basics;How old are you?;你幾歲呀?;Nei gei seoi aa?;file:///android_asset/basics.png
39;Basics;Happy Birthday;生日快樂 ;sàang yaht faai lohk;file:///android_asset/basics.png
40;Basics;How do you pronounce that?;呢個點讀呀? ;nīgo dím duhk a?;file:///android_asset/basics.png
41;Emergency;Leave me alone.;唔好搞我.;M̀h'hóu gáau ngóh.;file:///android_asset/warning.png
42;Emergency;Don't touch me!;唔好掂我!;M̀h'hóu dihm ngóh!;file:///android_asset/warning.png
43;Emergency;I'll call the police.;我會叫警察.;Ngóh wúih giu gíng chaat.;file:///android_asset/warning.png
44;Emergency;Police!;警察!;Gíng chaat!;file:///android_asset/warning.png
45;Emergency;Stop!  ;停低!;tìhng dài!;file:///android_asset/warning.png
46;Emergency;Stop! Thief!;咪走! 賊仔!;Máih jáu! Chaahk jái!;file:///android_asset/warning.png
47;Emergency;Fire!;火燭呀!;fóh jūk a!;file:///android_asset/warning.png
48;Emergency;Please help me.;唔該幫我.;M̀h' gōi bōng ngóh.;file:///android_asset/warning.png
49;Emergency;It's an emergency.;好緊急.;Hóu gán' gāp.;file:///android_asset/warning.png
50;Emergency;I'm lost.;我蕩失路.;Ngóh dohng sāt louh.;file:///android_asset/warning.png
51;Emergency;I lost my bag.;我唔見咗個袋.;Ngóh m̀h'gin jó go doih.;file:///android_asset/warning.png
52;Emergency;I dropped my wallet.;我跌咗個銀包.;Ngóh dit jó go ngàhn bāau.;file:///android_asset/warning.png
53;Emergency;I don't feel well.;我唔舒服.;Ngóh m̀h syū fuhk.;file:///android_asset/warning.png
54;Emergency;I've been injured.;我受咗傷.;Ngóh sauh jó sēung.;file:///android_asset/warning.png
55;Emergency;Please call a doctor.;唔該幫我叫醫生.;M̀h' gōi bōng ngóh giu yī sāng.;file:///android_asset/warning.png
56;Emergency;Can I use your phone?;可唔可以借個電話用呀?;Hó-m̀h-hó'yi je go dihn wáh yuhng a?;file:///android_asset/warning.png
57;Emergency;I haven't done anything wrong.;我冇做錯野.;Ngóh móuh jouh cho yéh.;file:///android_asset/warning.png
58;Emergency;It was a misunderstanding.;件事係誤會.;Ginh sih haih ngh-wuih.;file:///android_asset/warning.png
59;Emergency;Where are you taking me?;你帶我去邊?;Néih daai ngóh heui bīn?;file:///android_asset/warning.png
60;Emergency;Am I under arrest?;我係唔係俾人拉左呀?;Ngóh haih-m̀h-haih béi yàhn lāai jó a?;file:///android_asset/warning.png
61;Emergency;I am an American/Australian/British/Canadian citizen.;我係 美國/澳州/英國/加拿大 公民.;Ngóh haih Méih gwok/Ou jāu/Yīng' gwok/Gā nàh daaih gūng màhn.;file:///android_asset/warning.png
62;Emergency;I want to talk to the American/Australian/British/Canadian embassy/consulate.;我要搵 美國/澳州/英國/加拿大 大使館/領事館.;Ngóh yiu wán Méih gwok/Ou jāu/Yīng' gwok/Gā nàh daaih daaih si gún/líhng sih gún.;file:///android_asset/warning.png
63;Emergency;I want to talk to a lawyer.;我要搵律師.;Ngóh yiu wán leuht sī.;file:///android_asset/warning.png
64;Emergency;Can I just pay a fine now?;可唔可以就咁罰錢呀?;Hó-m̀h-hó'yi jauh gám faht chín?;file:///android_asset/warning.png
65;Numbers;1;一;yāt;file:///android_asset/numbers.png
66;Numbers;2;二;yih;file:///android_asset/numbers.png
67;Numbers;3;三;sāam;file:///android_asset/numbers.png
68;Numbers;4;四;sei;file:///android_asset/numbers.png
69;Numbers;5;五;ńgh;file:///android_asset/numbers.png
70;Numbers;6;六;luhk;file:///android_asset/numbers.png
71;Numbers;7;七;chāt;file:///android_asset/numbers.png
72;Numbers;8;八;baat;file:///android_asset/numbers.png
73;Numbers;9;九;gáu;file:///android_asset/numbers.png
74;Numbers;10;十;sahp;file:///android_asset/numbers.png
75;Numbers;11;十一;sahp yāt;file:///android_asset/numbers.png
76;Numbers;12;十二;sahp yih;file:///android_asset/numbers.png
77;Numbers;13;十三;sahp sāam;file:///android_asset/numbers.png
78;Numbers;14;十四;sahp sei;file:///android_asset/numbers.png
79;Numbers;15;十五;sahp ńgh;file:///android_asset/numbers.png
80;Numbers;16;十六;sahp luhk;file:///android_asset/numbers.png
81;Numbers;17;十七;sahp chāt;file:///android_asset/numbers.png
82;Numbers;18;十八;sahp baat;file:///android_asset/numbers.png
83;Numbers;19;十九;sahp gáu;file:///android_asset/numbers.png
84;Numbers;20;二十;yih sahp;file:///android_asset/numbers.png
85;Numbers;21;二十一;yih sahp yāt;file:///android_asset/numbers.png
86;Numbers;22;二十二;yih sahp yih;file:///android_asset/numbers.png
87;Numbers;23;二十三;yih sahp sāam;file:///android_asset/numbers.png
88;Numbers;30;三十;sāam sahp;file:///android_asset/numbers.png
89;Numbers;40;四十;sei sahp;file:///android_asset/numbers.png
90;Numbers;50;五十;ńgh sahp;file:///android_asset/numbers.png
91;Numbers;60;六十;luhk sahp;file:///android_asset/numbers.png
92;Numbers;70;七十;chāt sahp;file:///android_asset/numbers.png
93;Numbers;80;八十;baat sahp;file:///android_asset/numbers.png
94;Numbers;90;九十;gáu sahp;file:///android_asset/numbers.png
95;Numbers;100;一百;yāt baak;file:///android_asset/numbers.png
96;Numbers;200;二百;yih baak;file:///android_asset/numbers.png
97;Numbers;300;三百;sāam baak;file:///android_asset/numbers.png
98;Numbers;1000;一千;yāt chīn;file:///android_asset/numbers.png
99;Numbers;2000;二千;yih chīn;file:///android_asset/numbers.png
100;Numbers;"10,000";一萬;yāt maahn;file:///android_asset/numbers.png
101;Numbers;"100,000";十萬;sahp maahn;file:///android_asset/numbers.png
102;Numbers;"1,000,000";一百萬;yāt baak maahn;file:///android_asset/numbers.png
103;Numbers;"10,000,000";一千萬;yāt chīn maahn;file:///android_asset/numbers.png
104;Numbers;"100,000,000";一億;yāt yīk;file:///android_asset/numbers.png
105;Numbers;"1,000,000,000";十億;sahp yīk;file:///android_asset/numbers.png
106;Numbers;"10,000,000,000";一百億;yāt baak yīk;file:///android_asset/numbers.png
107;Numbers;"100,000,000,000";一千億;yāt chīn yīk;file:///android_asset/numbers.png
108;Numbers;"1,000,000,000,000";一兆;yāt siuh;file:///android_asset/numbers.png
109;Numbers;"number _____ (train, bus, etc.)";_____號;houh;file:///android_asset/numbers.png
110;Numbers;half;半;bun;file:///android_asset/numbers.png
111;Numbers;less;小;síu;file:///android_asset/numbers.png
112;Numbers;more;多;dō;file:///android_asset/numbers.png
113;Time;now;而家;yīgā;file:///android_asset/time.png
114;Time;late;遲;chìh;file:///android_asset/time.png
115;Time;early;早;jóu;file:///android_asset/time.png
116;Time;morning;朝早;jīujóu;file:///android_asset/time.png
117;Time;afternoon;晏晝;ngaan jau;file:///android_asset/time.png
118;Time;evening;夜晚;yeh máahn;file:///android_asset/time.png
119;Time;one o'clock;一點;yāt dím;file:///android_asset/time.png
120;Time;two o'clock;兩點;léuhng dím;file:///android_asset/time.png
121;Time;two five;兩點一 / 兩點踏一;léuhng dím yāt/léuhng dím daahp yāt;file:///android_asset/time.png
122;Time;two ten;兩點二 / 兩點踏二;léuhng dím yih/léuhng dím daahp yih;file:///android_asset/time.png
123;Time;two fifteen/Quarter past two;兩點三 / 兩點踏三;léuhng dím sāam/léuhng dím daahp sāam;file:///android_asset/time.png
124;Time;two thirty/Half past two;兩點'''半''';léuhng dím '''bun''';file:///android_asset/time.png
125;Time;two forty-five/Quarter to three;兩點九 / 兩點踏九;léuhng dím gáu/léuhng dím daahp gáu;file:///android_asset/time.png
126;Time;two fifty;兩點十 / 兩點踏十;léuhng dím sahp/léuhng dím daahp sahp;file:///android_asset/time.png
127;Time;two fifty-five;兩點踏十一;léuhng dím daahp sahpyāt;file:///android_asset/time.png
128;Time;two fifty-seven;兩點五十七分;léuhng dím ńgh sahp chāt fān;file:///android_asset/time.png
129;Time;_____ minute(s);_____ 分鐘;fān jūng;file:///android_asset/time.png
130;Time;_____ hour(s);_____ 個鐘;go jūng;file:///android_asset/time.png
131;Time;_____ day(s);_____ 日;yaht;file:///android_asset/time.png
132;Time;_____ week(s);_____ 個禮拜;go láih baai;file:///android_asset/time.png
133;Time;_____ month(s);_____ 個月;go yuht;file:///android_asset/time.png
134;Time;_____ year(s);_____ 年;nìhn;file:///android_asset/time.png
135;Time;today;今日;gām'yaht;file:///android_asset/time.png
136;Time;yesterday;尋日;chàhm' yaht;file:///android_asset/time.png
137;Time;tomorrow;聽日;tīng yaht;file:///android_asset/time.png
138;Time;the day before last;前日;chìhn yaht;file:///android_asset/time.png
139;Time;the day after tomorrow;後日;hauh' yaht;file:///android_asset/time.png
140;Time;this week;今個禮拜;gām go láih baai;file:///android_asset/time.png
141;Time;last week;上個禮拜;seuhng go láih baai;file:///android_asset/time.png
142;Time;next week;下個禮拜;hah go láih baai;file:///android_asset/time.png
143;Time;Sunday;禮拜日 / 星期日;láih baai yaht / sing1 kei4 yaht;file:///android_asset/time.png
144;Time;Monday;禮拜一 / 星期一;láih baai yāt / sing1 kei4 yāt;file:///android_asset/time.png
145;Time;Tuesday;禮拜二 / 星期二;láih baai yih / sing1 kei4 yih;file:///android_asset/time.png
146;Time;Wednesday;禮拜三 / 星期三;láih baai sāam / sing1 kei4 sāam;file:///android_asset/time.png
147;Time;Thursday;禮拜四 / 星期四;láih baai sei / sing1 kei4 sei;file:///android_asset/time.png
148;Time;Friday;禮拜五 / 星期五;láih baai ńgh / sing1 kei4 ńgh;file:///android_asset/time.png
149;Time;Saturday;禮拜六 / 星期六;láih baai luhk / sing1 kei4 luhk;file:///android_asset/time.png
150;Time;January;一月;yāt' yuht;file:///android_asset/time.png
151;Time;February;二月;yih' yuht;file:///android_asset/time.png
152;Time;March;三月;sāam' yuht;file:///android_asset/time.png
153;Time;April;四月;sei yuht;file:///android_asset/time.png
154;Time;May;五月;ńgh' yuht;file:///android_asset/time.png
155;Time;June;六月;luhk' yuht;file:///android_asset/time.png
156;Time;July;七月;chāt' yuht;file:///android_asset/time.png
157;Time;August;八月;baat' yuht;file:///android_asset/time.png
158;Time;September;九月;gáu yuht;file:///android_asset/time.png
159;Time;October;十月;sahp yuht;file:///android_asset/time.png
160;Time;November;十一月;sahp yāt' yuht;file:///android_asset/time.png
161;Time;December;十二月;sahp yih' yuht;file:///android_asset/time.png
162;Colors;black;黑色;hāk sīk;file:///android_asset/colors.png
163;Colors;white;白色;baahk sīk;file:///android_asset/colors.png
164;Colors;gray;灰色;fūi sīk;file:///android_asset/colors.png
165;Colors;red;紅色;hùhng sīk;file:///android_asset/colors.png
166;Colors;blue;藍色;làahm̀ sīk;file:///android_asset/colors.png
167;Colors;yellow;黃色;wòhng sīk;file:///android_asset/colors.png
168;Colors;green;綠色;luhk sīk;file:///android_asset/colors.png
169;Colors;orange;橙色;chàahng sīk;file:///android_asset/colors.png
170;Colors;purple;紫色;jí sīk;file:///android_asset/colors.png
171;Colors;brown;啡色;fē sīk;file:///android_asset/colors.png
172;Colors;pink;粉紅色;fán hùhng sīk;file:///android_asset/colors.png
173;Getting Around;How much is a ticket ?;去_____張飛要幾多錢嘎?;Heui ____ jēung fēi yiu géi dō chín gah?;file:///android_asset/getting_around.png
174;Getting Around;"One ticket to _____, please.";"一張飛去_____, 唔該.";"Yāt jēung fēi heui _____, m̀h' gōi.";file:///android_asset/getting_around.png
175;Getting Around;Where does this train/bus go?;呢 [班火車]/[架巴士] 去邊度嘎?;Nī [bāan fóchē]/[ga bāsí] heui bīn?;file:///android_asset/getting_around.png
176;Getting Around;Where is the train/bus to _____?;去_____ [班火車]/[架巴士] 喺邊度搭嘎?;Heui _____ [bāan fóchē]/[ga bāsí] hái bīn douh daap gah?;file:///android_asset/getting_around.png
177;Getting Around;Does this train/bus stop in _____?;呢[班火車]/[架巴士]停唔停_____嘎?;Nī [bāan fóchē]/[ga bāsí] tìhng-m̀h- tìhng _____ gah?;file:///android_asset/getting_around.png
178;Getting Around;When does the train/bus for _____ leave?;去_____[班火車/架巴士]幾點走嘎?;Heui _____ [bāan fóchē]/[ga bāsí] géi dím jáu gah?;file:///android_asset/getting_around.png
179;Getting Around;When will this train/bus arrive in _____?;[班火車]/[架巴士]會幾點去到_____嘎?;[Bāan fó chē]/[Ga bāsí] wúih géi dím heui dou _____ gah?;file:///android_asset/getting_around.png
180;Getting Around;Taxi!;的士!;Dīk-síh!;file:///android_asset/getting_around.png
181;Getting Around;"Take me to _____, please.";"載我去_____, 唔該.";"Joi ngóh heui _____, m̀h'gōi.";file:///android_asset/getting_around.png
182;Getting Around;How much does it cost to get to _____?;去_____要幾多錢嘎?;Heui _____ yiu géi dō chín gah?;file:///android_asset/getting_around.png
183;Getting Around;"Take me there, please.";"載我去嗰度, 唔該.";"Joi ngóh heui gó douh, m̀h'gōi";file:///android_asset/getting_around.png
184;Getting Around;How do I get to _____ ?;我可以點去_____呀?;Ngóh hó'yi dím heui _____ a?;file:///android_asset/getting_around.png
185;Getting Around;the train station;火車站;fó chē jaahm;file:///android_asset/getting_around.png
186;Getting Around;the bus station?;巴士站;bāsí jaahm;file:///android_asset/getting_around.png
187;Getting Around;the airport?;機場;gēi chèuhng;file:///android_asset/getting_around.png
188;Getting Around;downtown?;市區;síh' kēui;file:///android_asset/getting_around.png
189;Getting Around;the youth hostel?;青年旅舍;chīng nìhn léuih séh;file:///android_asset/getting_around.png
190;Getting Around;the _____ hotel?;_____ 酒店;_____ jáu dim;file:///android_asset/getting_around.png
191;Getting Around;the American/Canadian/Australian/British consulate;美國/加拿大/澳州/英國 領事館?;Méih gwok/Gā nàh daaih/Ou jāu/Yīng' gwok líhng sih gún;file:///android_asset/getting_around.png
192;Getting Around;Where are there a lot of_____ ?;邊度可以搵到好多_____呀?;Bīn douh hó'yi wán dou hóu dō _____ a?;file:///android_asset/getting_around.png
193;Getting Around;restaurants;餐廳;chāan tēng;file:///android_asset/getting_around.png
194;Getting Around;bars;酒吧;jáu bā;file:///android_asset/getting_around.png
195;Getting Around;sites to see;景點;gíng dím;file:///android_asset/getting_around.png
196;Getting Around;Can you show me on the map?;可唔可以喺張地圖度指俾我睇呀?;Hó-m̀h-hó'yi hái jēung deih tòuh douh jí béi ngóh tái a?;file:///android_asset/getting_around.png
197;Getting Around;street;街;gāai;file:///android_asset/getting_around.png
198;Getting Around;Turn left.;轉左;Jyun jó.;file:///android_asset/getting_around.png
199;Getting Around;Turn right.;轉右;Jyun yauh.;file:///android_asset/getting_around.png
200;Getting Around;left;左;jó;file:///android_asset/getting_around.png
201;Getting Around;right;右;yauh;file:///android_asset/getting_around.png
202;Getting Around;straight ahead;直行;jihk' hàahng;file:///android_asset/getting_around.png
203;Getting Around;towards the _____;去_____;heui _____;file:///android_asset/getting_around.png
204;Getting Around;past the _____;過咗;_____ gwojó _____;file:///android_asset/getting_around.png
205;Getting Around;before the _____;_____之前;jī chìhn;file:///android_asset/getting_around.png
206;Getting Around;Watch for the _____.;睇住_____.;Tái jyuh _____.;file:///android_asset/getting_around.png
207;Getting Around;intersection;十字路口;sahp jih louh'háu;file:///android_asset/getting_around.png
208;Getting Around;north;北面;bāk mihn;file:///android_asset/getting_around.png
209;Getting Around;south;南面;nàahm' mihn;file:///android_asset/getting_around.png
210;Getting Around;east;東面;dūng mihn;file:///android_asset/getting_around.png
211;Getting Around;west;西面;sāi mihn;file:///android_asset/getting_around.png
212;Getting Around;uphill;上山;séuhng sāan;file:///android_asset/getting_around.png
213;Getting Around;downhill;落山;lohk sāan;file:///android_asset/getting_around.png
214;Hotel;Do you have any rooms available?;你哋有冇空房呀?;Néih deih yáuh-móuh hūng fóng a?;file:///android_asset/hotel.png
215;Hotel;How much is a room for one person/two people?;單人房/雙人房 要幾多錢呀?;Dāan yàhn fóng/Sēung yàhn fóng yiu géi dō chín a?;file:///android_asset/hotel.png
216;Hotel;Does the room come with _____?;間房有冇_____嘎?;Gāan fóng yáuh-móuh _____ gah?;file:///android_asset/hotel.png
217;Hotel;There's a problem in the room;間房有啲問題;gàan fóng yáuh dī mahn tàih;file:///android_asset/hotel.png
218;Hotel;There is no hot water;冇熱水;móuh yiht séui;file:///android_asset/hotel.png
219;Hotel;The tap/faucet is leaking;水龍頭漏水;séui lùhng tàuh lauh séui;file:///android_asset/hotel.png
220;Hotel;The drain is blocked;坑渠塞咗呀;hàang kèuih sāk jó a;file:///android_asset/hotel.png
221;Hotel;The air conditioner is too noisy;冷氣好嘈呀;láahnghei hóu chòuh a;file:///android_asset/hotel.png
222;Hotel;I would like to move to another room;我想換過間房;ngóh séung wuhngwo gàanfóng;file:///android_asset/hotel.png
223;Hotel;When should I vacate the room?;我幾時要退房呀?;ngóh géisìh yiu teuifóng a?;file:///android_asset/hotel.png
224;Hotel;bedsheets;床襟;chòhng kám;file:///android_asset/hotel.png
225;Hotel;a bathroom;浴室;yuhk sāt;file:///android_asset/hotel.png
226;Hotel;a telephone;電話;dihn wah;file:///android_asset/hotel.png
227;Hotel;a TV;電視;dihn sih;file:///android_asset/hotel.png
228;Hotel;May I see the room first?;可唔可以睇下間房先呀?;Hó-m̀h-hó'yi tái-háh gāan fóng sīn a?;file:///android_asset/hotel.png
229;Hotel;Do you have anything _____?;有冇間房會_____嘎?;Yáuh-móuh gāan fóng húi _____ gah?;file:///android_asset/hotel.png
230;Hotel;quieter;靜啲;jihng dī;file:///android_asset/hotel.png
231;Hotel;bigger;大啲;daaih dī;file:///android_asset/hotel.png
232;Hotel;cleaner;乾淨啲;gōn jehng dī;file:///android_asset/hotel.png
233;Hotel;cheaper;平啲;pèhng dī;file:///android_asset/hotel.png
234;Hotel;"OK, I'll take it.";"好, 我要呢間.";"Hóu, ngóh yiu nī gāan.";file:///android_asset/hotel.png
235;Hotel;I will stay for _____ night(s).;我會喺度住_____晚.;Ngóh húi hái douh jyuh _____ máahn.;file:///android_asset/hotel.png
236;Hotel;Can you suggest another hotel?;你可唔可以介紹第二間酒店俾我呀?;Néih hó-m̀h-hó'yi gaai siuh daih yih gāan jáu dim béi ngóh a?;file:///android_asset/hotel.png
237;Hotel;Do you have a _____?;你哋有冇_____嘎?;Néih deih yáuh-móuh _____ gah?;file:///android_asset/hotel.png
238;Hotel;safe;夾萬;gaap maahn;file:///android_asset/hotel.png
239;Hotel;lockers;儲物櫃;chyúh maht gwaih;file:///android_asset/hotel.png
240;Hotel;Is breakfast/supper included?;包唔包 早餐/晚餐 嘎?;Bāau-m̀h-bāau jóu chāan/máahn chāan gah?;file:///android_asset/hotel.png
241;Hotel;What time is breakfast/supper?;幾點有 早餐/晚餐 嘎?;Géi dím yáuh jóu chāan/máahn chāan gah?;file:///android_asset/hotel.png
242;Hotel;Please clean my room.;唔該幫我執下間房.;M̀h'gōi bōng ngóh jāp-háh gāan fóng.;file:///android_asset/hotel.png
243;Hotel;Can you wake me at _____?;可唔可以_____叫醒我呀?;Hó-m̀h-hó'yi _____ giu séng ngóh a?;file:///android_asset/hotel.png
244;Hotel;I want to check out.;我想退房.;Ngóh séung teui fóng.;file:///android_asset/hotel.png
245;Money;Do you accept American/Australian/Canadian dollars?;你哋收唔收 美/澳/加 元嘎?;Néih deih sāu-m̀h-sāu Méih/Ou/Gā yùhn gah?;file:///android_asset/money.png
246;Money;Do you accept British pounds?;你哋收唔收英鎊嘎?;Néih deih sāu-m̀h-sāu Yīngbohng gah?;file:///android_asset/money.png
247;Money;Do you accept credit cards?;你哋收唔收信用卡嘎?;Néih deih sāu-m̀h-sāu sun-yoong-caht gah?;file:///android_asset/money.png
248;Money;Can you change money for me?;可唔可以幫我唱錢呀?;Hó-m̀h-hó'yi bōng ngóh cheung chín a?;file:///android_asset/money.png
249;Money;Where can I get money changed?;我可以去邊度唱錢呀?;Ngóh hó'yi heui bīn douh cheung chín a?;file:///android_asset/money.png
250;Money;Can you change a traveler's check for me?;可唔可以幫我唱張旅行支票呀?;Hó-m̀h-hó'yi bōng ngóh cheung jēung léuih'hàhng jī piu a?;file:///android_asset/money.png
251;Money;Where can I get a traveler's check changed?;我可以去邊度唱張旅行支票呀?;Ngóh hó'yi heui bīn douh cheung jēung léuih'hàhng jī piu a?;file:///android_asset/money.png
252;Money;What is the exchange rate?;匯率係幾多呀?;Wuih léut haih géi dō a?;file:///android_asset/money.png
253;Money;Where is an automatic teller machine (ATM)?;邊度有櫃員機呀?;Bīn douh yáuh gwai' hyùhn'gēi a?;file:///android_asset/money.png
254;Menu;Fried;煎;jīn;file:///android_asset/restaurant.png
255;Menu;Stir-Fried;炒;cháau;file:///android_asset/restaurant.png
256;Menu;Boiled;煮;jyú;file:///android_asset/restaurant.png
257;Menu;Deep-fried;炸;ja;file:///android_asset/restaurant.png
258;Menu;Simmered;炆;mān;file:///android_asset/restaurant.png
259;Menu;Stewed;燉;dahn;file:///android_asset/restaurant.png
260;Menu;Baked;焗;guhk;file:///android_asset/restaurant.png
261;Menu;Steamed;蒸;jīng;file:///android_asset/restaurant.png
262;Restaurant;"A table for one person/two people, please.";"一張 一人枱/二人枱, 唔該.";"Yāt jēung yāt yàhn tói/yih yàhn tói, m̀h'gōi.";file:///android_asset/restaurant.png
263;Restaurant;"Can I look at the menu, please?";"俾張餐牌我睇, 唔該.";"Béi jēung chāan páai ngóh tái, m̀h'gōi.";file:///android_asset/restaurant.png
264;Restaurant;Can I look in the kitchen?;可唔可以睇吓個廚房呀?;Hó-m̀h-hó'yi tái-háh gō chyùh fóng a?;file:///android_asset/restaurant.png
265;Restaurant;Is there a house specialty?;有乜嘢嘢食出名嘎?;Yáuh māt yéh yéh sihk chēut méng gah?;file:///android_asset/restaurant.png
266;Restaurant;Is there a local specialty?;有冇本地嘢食嘎?;Yáuh-móuh bún deih yéh sihk gah?;file:///android_asset/restaurant.png
267;Restaurant;I'm a vegetarian.;我食齋;Ngóh sihk jāai;file:///android_asset/restaurant.png
268;Restaurant;I don't eat pork.;我唔食豬.;Ngóh m̀h'sihk jyū.;file:///android_asset/restaurant.png
269;Restaurant;I don't eat beef.;我唔食牛.;Ngóh m̀h'sihk ngàuh.;file:///android_asset/restaurant.png
270;Restaurant;I only eat halal food.;我淨係食清真嘢.;Ngóh jihng haih sihk chīng jān yéh.;file:///android_asset/restaurant.png
271;Restaurant;"Can you make it ""lite"", please?";"嘢食清啲, 唔該.";"yéh sihk chīng dī, m̀h'gōi.";file:///android_asset/restaurant.png
272;Restaurant;fixed-price meal;套餐;tou chāan;file:///android_asset/restaurant.png
273;Restaurant;Do you have an English menu?;你地有冇英文餐牌呀?;néih deih yáuh móuh yìng mán chāan páai a?;file:///android_asset/restaurant.png
274;Restaurant;Can I see the wine list?;我可唔可以睇吓個酒單呀?;ngóh hóm̀hhóyíh táiháa go jáudāan a?;file:///android_asset/restaurant.png
275;Restaurant;a la carte;跟餐牌;"gān chāan páai (''means ""as on the menu""'')";file:///android_asset/restaurant.png
276;Restaurant;Let's eat!;食飯!;sihk faahn;file:///android_asset/restaurant.png
277;Restaurant;breakfast;早餐;jóu chāan;file:///android_asset/restaurant.png
278;Restaurant;lunch;午餐;ńgh chāan;file:///android_asset/restaurant.png
279;Restaurant;tea (''meal'');下午茶;hah-ńgh-chàh;file:///android_asset/restaurant.png
280;Restaurant;supper;晚餐;máahn chāan;file:///android_asset/restaurant.png
281;Menu;I want _____.;我想要_____.;Ngóh séung yiu _____.;file:///android_asset/restaurant.png
282;Menu;I want a dish containing _____.;我想要樣有_____.;Ngóh séung yiu yeuhng yáuh _____.;file:///android_asset/restaurant.png
283;Menu;chicken;雞;gāi;file:///android_asset/restaurant.png
284;Menu;beef;牛;ngàuh;file:///android_asset/restaurant.png
285;Menu;fish;魚;yùh;file:///android_asset/restaurant.png
286;Menu;ham;火腿;fótéui;file:///android_asset/restaurant.png
287;Menu;sausage;香腸;hēung chéuhng;file:///android_asset/restaurant.png
288;Menu;cheese;芝士;jī sí;file:///android_asset/restaurant.png
289;Menu;eggs;蛋;dáan;file:///android_asset/restaurant.png
290;Menu;salad;沙律;sā léut;file:///android_asset/restaurant.png
291;Menu;(fresh) vegetables;(新鮮)蔬菜;(sān sīn) sō choi;file:///android_asset/restaurant.png
292;Menu;(fresh) fruit;(新鮮)生果;(sān sīn) sāang'gwó;file:///android_asset/restaurant.png
293;Menu;bread;麵包;mihn bāau;file:///android_asset/restaurant.png
294;Menu;toast;多士;dō sí;file:///android_asset/restaurant.png
295;Menu;noodles;麵;mihn;file:///android_asset/restaurant.png
296;Menu;rice;飯;faahn;file:///android_asset/restaurant.png
297;Menu;beans;豆;dáu;file:///android_asset/restaurant.png
298;Menu;May I have a glass/cup of _____?;可唔可以俾杯_____我呀?;Hó-m̀h-hó'yi béi būi _____ ngóh a?;file:///android_asset/restaurant.png
299;Menu;May I have a bottle of _____?;可唔可以俾樽_____我呀?;Hó-m̀h-hó'yi béi jēun _____ ngóh a?;file:///android_asset/restaurant.png
300;Menu;coffee;咖啡;ga fē;file:///android_asset/restaurant.png
301;Menu;tea (''drink'');茶;chàh;file:///android_asset/restaurant.png
302;Menu;juice;果汁;gwó jāp;file:///android_asset/restaurant.png
303;Menu;bubbly water;有氣水;yáuh' hei séui;file:///android_asset/restaurant.png
304;Menu;water;水;séui;file:///android_asset/restaurant.png
305;Menu;beer;啤酒;bē jáu;file:///android_asset/restaurant.png
306;Menu;red/white wine;紅/白 酒;hùhng/baahk jáu;file:///android_asset/restaurant.png
307;Menu;May I have some _____?;可唔可以俾啲_____我呀?;Hó-m̀h-hó'yi béi dī _____ ngóh a?;file:///android_asset/restaurant.png
308;Menu;salt;鹽;yìhm;file:///android_asset/restaurant.png
309;Menu;black pepper;黑椒;hāk jīu;file:///android_asset/restaurant.png
310;Menu;butter;牛油;ngàuh yàuh;file:///android_asset/restaurant.png
311;Restaurant;"Excuse me, waiter? (''getting attention of server'')";侍應唔該.;Si hying m̀h' gōi.;file:///android_asset/restaurant.png
312;Restaurant;I'm finished.;食完嘅喇.;Sihk yùhn ge la.;file:///android_asset/restaurant.png
313;Restaurant;It was delicious.;好食.;Hóu sihk;file:///android_asset/restaurant.png
314;Restaurant;Please clear the plates.;唔該幫我清下張枱.;M̀h' gōi bōng ngóh chīng-háh jēung tói.;file:///android_asset/restaurant.png
315;Restaurant;"The check, please.";"埋單, 唔該.";"Màaih dāan, m̀h'gōi.";file:///android_asset/restaurant.png
316;Bar;Do you serve alcohol?;你哋有冇酒飲嘎?;Néih deih yáuh-móuh jáu yám gah?;file:///android_asset/bar.png
317;Bar;Is there table service?;有冇侍應埋枱嘎?;Yáuh-móuh sih ying màai tói gah?;file:///android_asset/bar.png
318;Bar;"A beer/two beers, please.";"一/兩杯 啤酒, 唔該.";"Yāt/léuhng būi bē jáu, m̀h'gōi.";file:///android_asset/bar.png
319;Bar;"A glass of red/white wine, please.";"一杯 紅/白 酒, 唔該.";"Yāt būi hùhng/baahk jáu, m̀h'gōi.";file:///android_asset/bar.png
320;Bar;"A pint, please.";"一 pint, 唔該.";"Yāt ''pint'', m̀h'gōi.";file:///android_asset/bar.png
321;Bar;"A bottle, please.";"一樽, 唔該.";"Yāt jēun, m̀h'gōi.";file:///android_asset/bar.png
322;Bar;"_____ (''hard liquor'') and _____ (''mixer''), please.";"_____同_____, 唔該.";"_____ tùhng _____, m̀h'gōi.";file:///android_asset/bar.png
323;Bar;whiskey;威士忌;wāi si géi;file:///android_asset/bar.png
324;Bar;vodka;伏特加;fuhk dahk gā;file:///android_asset/bar.png
325;Bar;rum;冧酒;lām jáu;file:///android_asset/bar.png
326;Bar;water;水;séui;file:///android_asset/bar.png
327;Bar;club soda;梳打水;sō dá séui;file:///android_asset/bar.png
328;Bar;tonic water;湯力水;tōng lihk séui;file:///android_asset/bar.png
329;Bar;orange juice;橙汁;cháang jāp;file:///android_asset/bar.png
330;Bar;Coke (''soda'');可樂;hó lohk;file:///android_asset/bar.png
331;Bar;Do you have any bar snacks?;你哋有冇小食嘎?;Néih deih yáuh-móuh síu sihk gah?;file:///android_asset/bar.png
332;Bar;"One more (cup/bottle), please.";"要多一 杯/樽, 唔該.";"Yiu dō yāt būi/jēun, m̀h'gōi.";file:///android_asset/bar.png
333;Bar;When is closing time?;幾點柵門嘎?;Géi dím sāan mùhn gaa?;file:///android_asset/bar.png
334;Bar;Cheers!;飲杯!;Yám būi!;file:///android_asset/bar.png
335;Shopping;Do you have this in my size?;呢件有冇我個碼呀?;Nī gihn yáuh-móuh ngóh go má a?;file:///android_asset/shopping.png
336;Shopping;How much?;幾多錢呀?;Géi dō chín a?;file:///android_asset/shopping.png
337;Shopping;That's too expensive.;太貴啦.;Taai gwai la.;file:///android_asset/shopping.png
338;Shopping;Would you take _____?;收唔收_____嘎?;Sāu-m̀h-sāu _____ gah?;file:///android_asset/shopping.png
339;Shopping;expensive;貴;gwai;file:///android_asset/shopping.png
340;Shopping;cheap;平;pèhng;file:///android_asset/shopping.png
341;Shopping;I can't afford it.;我俾唔起.;Ngóh béi m̀h héi.;file:///android_asset/shopping.png
342;Shopping;I don't want it.;我唔想要.;Ngóh m̀h séung yiu.;file:///android_asset/shopping.png
343;Shopping;You're cheating me.;你呃緊我嘅.;Néih āk gán ngóh gé.;file:///android_asset/shopping.png
344;Shopping;I'm not interested.;我冇興趣.;Ngóh móuh hing cheui.;file:///android_asset/shopping.png
345;Shopping;"OK, I'll take it.";"好, 我要呢件.";"Hóu, ngóh yiu nī gihn.";file:///android_asset/shopping.png
346;Shopping;Can I have a bag?;可唔可以俾個袋我呀?;Hó-m̀h-hó'yi béi go dói ngóh a?;file:///android_asset/shopping.png
347;Shopping;Do you ship (overseas)?;你哋送唔送貨(去外國)嘎?;Néih deih sung-m̀h-sung fo (heui ngoi hgwok) gah?;file:///android_asset/shopping.png
348;Shopping;I need...;我要...;Ngóh yiu…;file:///android_asset/shopping.png
349;Shopping;...toothpaste.;...牙膏.;ngàh gōu.;file:///android_asset/shopping.png
350;Shopping;...a toothbrush.;...牙刷.;ngàh chaat.;file:///android_asset/shopping.png
351;Shopping;...tampons.;...衛生巾.;waihsāng'gān.;file:///android_asset/shopping.png
352;Shopping;...soap.;...番挸.;fāan'gáan.;file:///android_asset/shopping.png
353;Shopping;...shampoo.;...洗頭水.;sái'tàuh séui.;file:///android_asset/shopping.png
354;Shopping;"...pain reliever. (''e.g., aspirin or ibuprofen'')";...止痛藥.;jí'tung yeuhk.;file:///android_asset/shopping.png
355;Shopping;...cold medicine.;...感冒藥.;gám'mouh yeuhk.;file:///android_asset/shopping.png
356;Shopping;...stomach medicine.;...胃藥.;waih yeuhk.;file:///android_asset/shopping.png
357;Shopping;...a razor.;...剃鬚刀.;tai sōu dōu.;file:///android_asset/shopping.png
358;Shopping;...an umbrella.;...遮.;jē.;file:///android_asset/shopping.png
359;Shopping;...sunblock lotion.;...太陽油.;taai yèuhng yàuh.;file:///android_asset/shopping.png
360;Shopping;...a postcard.;...名信片.;mìhng seun pín.;file:///android_asset/shopping.png
361;Shopping;...postage stamps.;...郵票.;yàuh piu.;file:///android_asset/shopping.png
362;Shopping;...batteries.;...電池.;dihn chìh.;file:///android_asset/shopping.png
363;Shopping;...writing paper.;...信紙.;seun jí.;file:///android_asset/shopping.png
364;Shopping;...a pen.;...筆.;bāt.;file:///android_asset/shopping.png
365;Shopping;...English-language books.;...英文書.;Yīng màhn syū.;file:///android_asset/shopping.png
366;Shopping;...English-language magazines.;...英文雜誌.;Yīng màhn jaahpji.;file:///android_asset/shopping.png
367;Shopping;...an English-language newspaper.;...英文報紙.;Yīng màhn boují.;file:///android_asset/shopping.png
368;Shopping;...an English-English dictionary.;...英英字典.;Yīng yīng jihdín.;file:///android_asset/shopping.png
369;Shopping;Big/Small;大/細;Daai / sai;file:///android_asset/shopping.png
370;Driving;I want to rent a car.;我想租車.;Ngóh séung jōu chē.;file:///android_asset/getting_around.png
371;Driving;Can I get insurance?;邊度可以買保險嘎?;Bīn douh hó'yi máaih bóu hím gah?;file:///android_asset/getting_around.png
372;Driving;stop (''on a street sign'');停;tìhng;file:///android_asset/getting_around.png
373;Driving;one way;單程路;dāan chìhng louh;file:///android_asset/getting_around.png
374;Driving;yield;讓;yeuhng;file:///android_asset/getting_around.png
375;Driving;no parking;不准泊車;bāt jéun paak chē;file:///android_asset/getting_around.png
376;Driving;speed limit;速度限制;chūk douh haahn jai;file:///android_asset/getting_around.png
377;Driving;gas (''petrol'') station;油站;yàuh jaahm;file:///android_asset/getting_around.png
378;Driving;petrol;汽油;hei yàuh;file:///android_asset/getting_around.png
379;Driving;diesel;柴油;chàaih yàuh;file:///android_asset/getting_around.png
380;Dating;I love you;我愛你;ngóh oi néih;file:///android_asset/love.png
381;Dating;Are you free for lunch?;我地一齊食晏晝飯好嘛?;ngóh deih yāt chàih sihk ngaan jau faahn hóu ma?;file:///android_asset/love.png
382;Dating;Are you free this evening?;你今晚得唔得閒呀?;néih gàm máahn dāk m̀h dāk hàahn a?;file:///android_asset/love.png
383;Dating;Can you suggest a place for lunch?;可以介紹個食晏嘅地方嗎?;hó yíh gaai siuh go sihk ngaan ge deih fòng ma?;file:///android_asset/love.png
384;Dating;Can you suggest a place for dinner?;可以介紹個食晚飯嘅地方嗎?;hó yíh gaai siuh go sihk máahn faahn ge deih fòng ma?;file:///android_asset/love.png
385;Dating;I'll meet you there;我地喺個度見;ngóh deih hái gó douh gin;file:///android_asset/love.png
386;Dating;I'll meet you then;你地到時見;néih deih dou sìh gin;file:///android_asset/love.png
387;Dating;Can I have your phone number?;可以講你個電話號碼我知嗎?;hó yíh góng néih go dihn wá houh máh ngóh jì ma?;file:///android_asset/love.png
388;Dating;Can I have your address?;可以講你個地址我知嗎?;hó yíh góng néih go deih jí ngóh jì ma?;file:///android_asset/love.png
389;Dating;I missed you so much!;我咁多想念你;Ngoh gam do soeng nim nei;file:///android_asset/love.png
390;Dating;You mean so much to me;你喺我心目中好重要;nei hai ngo sam muk zung hou zung jiu.;file:///android_asset/love.png
391;Dating;Will you be my Valentine? ;你願意做我嘅愛人嗎？;nei jyun ji zou ngo ge oi jan maa?;file:///android_asset/love.png
392;Dating;You're so beautiful. ;你好靚。;nei hou leng.;file:///android_asset/love.png
393;Dating; I think of you as more than a friend. ;我當你係朋友咋。;ngo dong nei hai pang jau zaa.;file:///android_asset/love.png
394;Dating;A hundred hearts would be too few to carry all my love for you. ;一百個心都裝唔晒我對你嘅;jat baak go sam dou zong m saai ngo deoi nei ge oi.;file:///android_asset/love.png
395;Dating;You're so handsome.; 你好靚仔;nei hou leng zai.;file:///android_asset/love.png
396;Dating;I've got a crush on you. ;我暗戀你。;ngo am lyun nei.;file:///android_asset/love.png
397;Dating; You make me want to be a better man. ;你令我想成為一個更好嘅;nei ling ngo soeng sing wai jat go gang hou ge jan.;file:///android_asset/love.png
398;Dating;"You are my sunshine, my love. ";你係我嘅陽光，我嘅愛人。;"nei hai ngo ge joeng gwong, ngo ge oi jan.";file:///android_asset/love.png
399;Dating;We were meant to be together;我哋注定喺埋一齊。;ngo dei zyu ding hai maai jat cai.;file:///android_asset/love.png
400;Medical;Headache;頭痛;tau4 tung3;file:///android_asset/medical.png
401;Medical;stomachache;肚痛;tou5 tung3;file:///android_asset/medical.png
402;Medical;Medicine;藥;joek6;file:///android_asset/medical.png
403;Medical;Pharmacy;藥房;joek6 fong4;file:///android_asset/medical.png
404;Medical;Doctor;醫生;joek6 fong4;file:///android_asset/medical.png
405;Medical;Ambulance;白車;baak6 ce1;file:///android_asset/medical.png
406;Medical;Hospital;醫院;ji1 jyun6*2;file:///android_asset/medical.png
407;Medical;Help me;幫我;bong ngo;file:///android_asset/medical.png
408;Medical;Poison;毒藥;duk joek;file:///android_asset/medical.png
409;Medical;Accident;意外;ji3 ngoi6;file:///android_asset/medical.png
410;Medical;Stroke;爆血管;baau3 hyut3 gun2;file:///android_asset/medical.png
411;Medical;Heart Attack;心臟病發;sam1 zong6 beng6 faat;file:///android_asset/medical.png
412;Medical;Asthma;氣喘病;hei3 cyun2 beng6;file:///android_asset/medical.png
413;Medical;Allergy;過敏;gwo3 man5;file:///android_asset/medical.png
